{"config":{"indexing":"full","lang":["en"],"min_search_length":3,"prebuild_index":false,"separator":"[\\s\\-]+"},"docs":[{"location":"","text":"\u041c\u0443\u0445\u0438\u043d\u0430_Lr3 REST API \u043f\u043e\u0433\u043e\u0434\u044b \u0414\u043e\u043a\u0443\u043c\u0435\u043d\u0442\u0430\u0446\u0438\u044f API /api/cities (GET) - \u0441\u043f\u0438\u0441\u043e\u043a \u0433\u043e\u0440\u043e\u0434\u043e\u0432 \u041f\u0440\u0438\u043c\u0435\u0440 \u043a\u043e\u043d\u043a\u0440\u0435\u0442\u043d\u043e\u0433\u043e \u0433\u043e\u0440\u043e\u0434\u0430: { \"id\": 1, \"name\": \"\u0421\u0430\u043d\u043a\u0442-\u041f\u0435\u0442\u0435\u0440\u0431\u0443\u0440\u0433\", \"description\": \"\u0413\u043e\u0440\u043e\u0434 \u043d\u0430 \u041d\u0435\u0432\u0435\", \"lat\": 59.9375, \"lon\": 30.308611, \"country\": \"ru\" } /api/countries (GET) - \u0441\u043f\u0438\u0441\u043e\u043a \u0441\u0442\u0440\u0430\u043d + \u0433\u043e\u0440\u043e\u0434\u043e\u0432 \u0432 \u043d\u0438\u0445 \u041f\u0440\u0438\u043c\u0435\u0440 \u043a\u043e\u043d\u043a\u0440\u0435\u0442\u043d\u043e\u0439 \u0441\u0442\u0440\u0430\u043d\u044b: { \"code\": \"us\", \"cities\": [ { \"id\": 3, \"name\": \"\u041d\u044c\u044e-\u0419\u043e\u0440\u043a\", \"description\": \"\u0411\u043e\u043b\u044c\u0448\u043e\u0435 \u044f\u0431\u043b\u043e\u043a\u043e\", \"lat\": 40.73061, \"lon\": -73.935242, \"country\": \"us\" }, { \"id\": 4, \"name\": \"\u041b\u043e\u0441-\u0410\u043d\u0434\u0436\u0435\u043b\u0435\u0441\", \"description\": \"\u0422\u0430\u043c \u043d\u0430\u0445\u043e\u0434\u0438\u0442\u0441\u044f \u0413\u043e\u043b\u043b\u0438\u0432\u0443\u0434\", \"lat\": 34.052235, \"lon\": -118.243683, \"country\": \"us\" } ], \"name\": \"\u0421\u0428\u0410\" } /api/choices (GET, POST, PUT, PATCH, DELETE) - \u0433\u043e\u0440\u043e\u0434\u0430, \u0432\u044b\u0431\u0440\u0430\u043d\u043d\u044b\u0435 \u043f\u043e\u043b\u044c\u0437\u043e\u0432\u0430\u0442\u0435\u043b\u0435\u043c \u041f\u0440\u0438\u043c\u0435\u0440 \u0441\u043f\u0438\u0441\u043a\u0430 \u0432\u044b\u0431\u0440\u0430\u043d\u043d\u044b\u0445 \u0433\u043e\u0440\u043e\u0434\u043e\u0432: [ { \"id\": 3, \"city\": { \"id\": 1, \"name\": \"\u0421\u0430\u043d\u043a\u0442-\u041f\u0435\u0442\u0435\u0440\u0431\u0443\u0440\u0433\", \"description\": \"\u0413\u043e\u0440\u043e\u0434 \u043d\u0430 \u041d\u0435\u0432\u0435\", \"lat\": 59.9375, \"lon\": 30.308611, \"country\": \"ru\" } }, { \"id\": 4, \"city\": { \"id\": 2, \"name\": \"\u041c\u043e\u0441\u043a\u0432\u0430\", \"description\": \"\u0421\u0442\u043e\u043b\u0438\u0446\u0430 \u0420\u0424\", \"lat\": 55.755826, \"lon\": 37.6173, \"country\": \"ru\" } }, { \"id\": 5, \"city\": { \"id\": 7, \"name\": \"\u0421\u044b\u043a\u0442\u044b\u0432\u043a\u0430\u0440\", \"description\": \"\u0422\u0443\u0442 \u043e\u0447\u0435\u043d\u044c \u0445\u043e\u043b\u043e\u0434\u043d\u043e\", \"lat\": 61.666668, \"lon\": 50.816666, \"country\": \"ru\" } } ] Videos Videos","title":"\u041c\u0443\u0445\u0438\u043d\u0430_Lr3"},{"location":"#_lr3","text":"","title":"\u041c\u0443\u0445\u0438\u043d\u0430_Lr3"},{"location":"#rest-api","text":"","title":"REST API \u043f\u043e\u0433\u043e\u0434\u044b"},{"location":"#api","text":"/api/cities (GET) - \u0441\u043f\u0438\u0441\u043e\u043a \u0433\u043e\u0440\u043e\u0434\u043e\u0432 \u041f\u0440\u0438\u043c\u0435\u0440 \u043a\u043e\u043d\u043a\u0440\u0435\u0442\u043d\u043e\u0433\u043e \u0433\u043e\u0440\u043e\u0434\u0430: { \"id\": 1, \"name\": \"\u0421\u0430\u043d\u043a\u0442-\u041f\u0435\u0442\u0435\u0440\u0431\u0443\u0440\u0433\", \"description\": \"\u0413\u043e\u0440\u043e\u0434 \u043d\u0430 \u041d\u0435\u0432\u0435\", \"lat\": 59.9375, \"lon\": 30.308611, \"country\": \"ru\" } /api/countries (GET) - \u0441\u043f\u0438\u0441\u043e\u043a \u0441\u0442\u0440\u0430\u043d + \u0433\u043e\u0440\u043e\u0434\u043e\u0432 \u0432 \u043d\u0438\u0445 \u041f\u0440\u0438\u043c\u0435\u0440 \u043a\u043e\u043d\u043a\u0440\u0435\u0442\u043d\u043e\u0439 \u0441\u0442\u0440\u0430\u043d\u044b: { \"code\": \"us\", \"cities\": [ { \"id\": 3, \"name\": \"\u041d\u044c\u044e-\u0419\u043e\u0440\u043a\", \"description\": \"\u0411\u043e\u043b\u044c\u0448\u043e\u0435 \u044f\u0431\u043b\u043e\u043a\u043e\", \"lat\": 40.73061, \"lon\": -73.935242, \"country\": \"us\" }, { \"id\": 4, \"name\": \"\u041b\u043e\u0441-\u0410\u043d\u0434\u0436\u0435\u043b\u0435\u0441\", \"description\": \"\u0422\u0430\u043c \u043d\u0430\u0445\u043e\u0434\u0438\u0442\u0441\u044f \u0413\u043e\u043b\u043b\u0438\u0432\u0443\u0434\", \"lat\": 34.052235, \"lon\": -118.243683, \"country\": \"us\" } ], \"name\": \"\u0421\u0428\u0410\" } /api/choices (GET, POST, PUT, PATCH, DELETE) - \u0433\u043e\u0440\u043e\u0434\u0430, \u0432\u044b\u0431\u0440\u0430\u043d\u043d\u044b\u0435 \u043f\u043e\u043b\u044c\u0437\u043e\u0432\u0430\u0442\u0435\u043b\u0435\u043c \u041f\u0440\u0438\u043c\u0435\u0440 \u0441\u043f\u0438\u0441\u043a\u0430 \u0432\u044b\u0431\u0440\u0430\u043d\u043d\u044b\u0445 \u0433\u043e\u0440\u043e\u0434\u043e\u0432: [ { \"id\": 3, \"city\": { \"id\": 1, \"name\": \"\u0421\u0430\u043d\u043a\u0442-\u041f\u0435\u0442\u0435\u0440\u0431\u0443\u0440\u0433\", \"description\": \"\u0413\u043e\u0440\u043e\u0434 \u043d\u0430 \u041d\u0435\u0432\u0435\", \"lat\": 59.9375, \"lon\": 30.308611, \"country\": \"ru\" } }, { \"id\": 4, \"city\": { \"id\": 2, \"name\": \"\u041c\u043e\u0441\u043a\u0432\u0430\", \"description\": \"\u0421\u0442\u043e\u043b\u0438\u0446\u0430 \u0420\u0424\", \"lat\": 55.755826, \"lon\": 37.6173, \"country\": \"ru\" } }, { \"id\": 5, \"city\": { \"id\": 7, \"name\": \"\u0421\u044b\u043a\u0442\u044b\u0432\u043a\u0430\u0440\", \"description\": \"\u0422\u0443\u0442 \u043e\u0447\u0435\u043d\u044c \u0445\u043e\u043b\u043e\u0434\u043d\u043e\", \"lat\": 61.666668, \"lon\": 50.816666, \"country\": \"ru\" } } ]","title":"\u0414\u043e\u043a\u0443\u043c\u0435\u043d\u0442\u0430\u0446\u0438\u044f API"},{"location":"#videos","text":"Videos","title":"Videos"}]}